Frequency,RinV
500.0,0.016065784000000007
510.0,9.21636940000001e-05
520.0,2.4109054000000004e-05
530.0,4.455596200000003e-05
540.0,0.00011138978599999999
550.0,0.019073609999999998
560.0,0.00010803296200000011
570.0,3.479027600000001e-05
580.0,3.936793600000001e-05
590.0,7.598922200000004e-05
600.0,0.010902162000000007
610.0,0.00030700864599999997
620.0,4.852326800000005e-05
630.0,2.7771195999999995e-05
640.0,6.98856700000001e-05
650.0,0.0056836237
660.0,5.1269842000000064e-05
670.0,5.126987000000007e-05
680.0,3.723170600000001e-05
690.0,6.622355200000006e-05
700.0,0.0010916221799999997
710.0,3.692652800000003e-05
720.0,5.2185382000000075e-05
730.0,4.180937600000002e-05
740.0,0.00010009818600000003
750.0,0.002379775500000001
760.0,4.0588663999999995e-05
770.0,5.310092800000004e-05
780.0,5.004915600000004e-05
790.0,6.195107400000006e-05
800.0,0.008468992799999998
810.0,7.171678400000011e-05
820.0,5.310094000000005e-05
830.0,7.904110000000013e-05
840.0,8.728077200000006e-05
850.0,0.015936684000000003
860.0,9.368954400000011e-05
870.0,6.195105400000007e-05
880.0,5.920445800000007e-05
890.0,6.805461400000002e-05
900.0,0.012107904999999999
910.0,8.667041800000017e-05
920.0,6.469765800000005e-05
930.0,4.730256200000003e-05
940.0,0.00010437068600000006
950.0,0.015850930000000003
960.0,0.00011291566800000007
970.0,3.723170800000001e-05
980.0,5.6457868000000074e-05
990.0,5.615269200000004e-05
1000.0,0.0020367547
1010.0,5.035431800000003e-05
1020.0,7.965134400000002e-05
1030.0,4.669220800000004e-05
1040.0,0.0002319349439999998
1050.0,0.004930755399999998
1060.0,7.995650000000008e-05
1070.0,0.00015350412400000013
1080.0,0.00029876876600000007
1090.0,0.000303346334
1100.0,0.0020660528999999995
1110.0,0.00013061594400000002
1120.0,0.00014984206800000002
1130.0,0.001217049099999999
1140.0,0.0003176897420000001
1150.0,0.004287440799999999
1160.0,0.0002975478480000003
1170.0,0.00016784748200000016
1180.0,0.0005908239399999998
1190.0,0.0003433246979999999
1200.0,0.0022686908
1210.0,8.667041799999996e-05
1220.0,0.00018676853399999992
1230.0,0.00020721545599999976
1240.0,0.0004898101699999995
1250.0,0.0016088942099999998
1260.0,8.758596400000009e-05
1270.0,0.00010894838400000005
1280.0,0.00022247439799999997
1290.0,0.00018921004200000003
1300.0,0.0014520341100000007
1310.0,8.789111600000001e-05
1320.0,9.338431000000012e-05
1330.0,0.000122681302
1340.0,0.00020477403200000005
1350.0,0.000994268302
1360.0,8.575488800000001e-05
1370.0,0.00023620738799999986
1380.0,0.000121765788
1390.0,0.00037719936000000007
1400.0,0.003287674999999998
1410.0,0.00020385855999999994
1420.0,0.0006469763100000004
1430.0,0.00019073586199999998
1440.0,0.00036041466000000016
1450.0,0.0065628351
1460.0,0.000132752164
1470.0,0.0002035533779999999
1480.0,0.00011444154000000002
1490.0,0.00020691028399999996
1500.0,0.0113669448
1510.0,0.00012817461600000003
1520.0,0.00011261046800000002
1530.0,9.002736200000008e-05
1540.0,0.00015960774000000008
1550.0,0.021159170000000005
1560.0,0.00019592378199999988
1570.0,0.00013763496200000012
1580.0,8.789111000000004e-05
1590.0,0.00010467584199999999
1600.0,0.010445305709999998
1610.0,0.00012573313800000004
1620.0,7.995653400000007e-05
1630.0,5.676305400000004e-05
1640.0,7.019086800000003e-05
1650.0,0.0025668477000000012
1660.0,0.00010742247800000008
1670.0,6.408730200000005e-05
1680.0,5.615270400000004e-05
1690.0,7.019083000000005e-05
1700.0,0.004811431199999997
1710.0,0.000255128326
1720.0,6.225624200000004e-05
1730.0,5.432162000000007e-05
1740.0,9.918266200000005e-05
1750.0,0.022053038000000014
1760.0,0.00020172209800000003
1770.0,9.521539600000003e-05
1780.0,7.324262800000007e-05
1790.0,7.629439600000007e-05
1800.0,0.01698620499999999
1810.0,0.00020446886199999997
1820.0,0.00010620181600000004
1830.0,7.202192200000009e-05
1840.0,6.317177800000004e-05
1850.0,0.014546876999999998
1860.0,9.521535600000006e-05
1870.0,5.9509660000000055e-05
1880.0,5.004915800000004e-05
1890.0,6.622352400000005e-05
1900.0,0.0013763510699999996
1910.0,4.608184600000003e-05
1920.0,4.730255800000003e-05
1930.0,8.789112800000002e-05
1940.0,6.042517600000003e-05
1950.0,0.0003042619280000001
1960.0,4.8523270000000035e-05
1970.0,5.279575600000003e-05
1980.0,9.216361600000005e-05
1990.0,0.000143433378
2000.0,0.00025360247999999983
2010.0,0.00025909570799999987
2020.0,4.699739200000002e-05
2030.0,4.4250782000000024e-05
2040.0,0.0006915321000000002
2050.0,0.0003866598799999999
2060.0,0.00028869805999999986
2070.0,5.126987000000004e-05
2080.0,4.882844600000002e-05
2090.0,0.00025207660999999984
2100.0,0.000174256274
2110.0,0.00027191325999999965
2120.0,5.828893800000002e-05
2130.0,6.164589200000005e-05
2140.0,0.00012695375800000005
2150.0,0.00022705198199999998
2160.0,4.394561000000001e-05
2170.0,3.4179928000000004e-05
2180.0,4.516630800000004e-05
2190.0,5.584751800000003e-05
2200.0,0.0003884910079999999
2210.0,4.516629400000001e-05
2220.0,3.509545399999999e-05
2230.0,4.577667000000002e-05
2240.0,6.744426600000006e-05
2250.0,0.0006643712900000007
2260.0,8.422904800000014e-05
2270.0,3.7231698e-05
2280.0,4.8523265999999983e-05
2290.0,5.7068232000000065e-05
2300.0,0.003089004700000002
2310.0,5.798375800000006e-05
2320.0,3.540063800000002e-05
2330.0,3.8452414e-05
2340.0,8.056687600000008e-05
2350.0,0.0006677284899999998
2360.0,4.241972000000002e-05
2370.0,8.972222400000011e-05
2380.0,4.0893838e-05
2390.0,7.751508400000001e-05
2400.0,0.000287782302
2410.0,3.9978294e-05
2420.0,4.913363000000002e-05
2430.0,3.936795000000001e-05
2440.0,0.00012481751400000005
2450.0,0.00012512269599999998
2460.0,3.9367936000000005e-05
2470.0,6.835980200000008e-05
2480.0,4.608185000000003e-05
2490.0,0.00023803839599999987
2500.0,4.7912914000000025e-05
2510.0,3.5095460000000014e-05
2520.0,3.967311800000001e-05
2530.0,2.8381554000000038e-05
2540.0,0.0003347797640000001
2550.0,4.241972800000001e-05
2560.0,3.967312800000001e-05
2570.0,3.4790284e-05
2580.0,3.2959216e-05
2590.0,5.920445600000007e-05
2600.0,4.7912918000000016e-05
2610.0,3.723170600000002e-05
2620.0,5.096469000000006e-05
2630.0,4.150419799999999e-05
2640.0,0.00010009821800000005
2650.0,6.652871000000009e-05
2660.0,4.1504198000000016e-05
2670.0,6.591837600000007e-05
2680.0,7.507370600000008e-05
2690.0,6.805459400000001e-05
2700.0,5.767860600000007e-05
2710.0,4.852327400000002e-05
2720.0,5.0964674e-05
2730.0,4.3640432000000024e-05
2740.0,0.0005926550199999998
2750.0,0.000109863882
2760.0,3.356956600000001e-05
2770.0,6.958049800000005e-05
2780.0,3.5400642e-05
2790.0,4.821809400000002e-05
2800.0,0.00012512272800000004
2810.0,7.232708800000007e-05
2820.0,4.638703200000001e-05
2830.0,4.486113200000003e-05
2840.0,4.2419730000000005e-05
2850.0,0.0028335711999999996
2860.0,4.9438820000000054e-05
2870.0,4.547150000000001e-05
2880.0,3.6010994e-05
2890.0,4.394560600000003e-05
2900.0,0.000314027642
2910.0,6.225624800000003e-05
2920.0,4.9438804000000037e-05
2930.0,4.4555958000000024e-05
2940.0,4.760773000000004e-05
2950.0,0.000123291632
2960.0,5.249057200000004e-05
2970.0,4.6997374000000014e-05
2980.0,6.866495200000005e-05
2990.0,4.150418800000002e-05
3000.0,4.638702200000002e-05
3010.0,0.00010040339399999998
3020.0,4.821809000000005e-05
3030.0,6.195108000000008e-05
3040.0,4.608185600000003e-05
3050.0,0.00029968421000000007
3060.0,0.0001266486
3070.0,5.126986200000004e-05
3080.0,6.530802000000005e-05
3090.0,5.0659514000000024e-05
3100.0,0.001711432799999999
3110.0,4.4555952e-05
3120.0,3.1433330000000005e-05
3130.0,3.7536882e-05
3140.0,5.3406116000000055e-05
3150.0,0.0005191072699999995
3160.0,4.0893832000000006e-05
3170.0,3.631617799999999e-05
3180.0,5.4626812000000064e-05
3190.0,4.364043400000002e-05
3200.0,8.148240400000002e-05
3210.0,2.7160839999999995e-05
3220.0,5.4931986000000004e-05
3230.0,3.4179931999999995e-05
3240.0,4.669220000000004e-05
3250.0,8.880664400000006e-05
3260.0,3.662134400000001e-05
3270.0,5.188021600000003e-05
3280.0,5.6457872000000044e-05
3290.0,4.3335249999999995e-05
3300.0,8.148240600000001e-05
3310.0,6.927532800000013e-05
3320.0,3.3874746e-05
3330.0,4.1809368000000006e-05
3340.0,5.6457872000000065e-05
3350.0,0.0019235343999999997
3360.0,0.00010101385400000006
3370.0,3.662134200000001e-05
3380.0,2.8381546000000005e-05
3390.0,3.6316170000000015e-05
3400.0,0.000282594322
3410.0,4.0283465999999995e-05
3420.0,3.7842063999999996e-05
3430.0,3.5095457999999995e-05
3440.0,5.1269862000000045e-05
3450.0,0.0004965241199999991
3460.0,4.9133614000000025e-05
3470.0,4.5471484000000016e-05
3480.0,3.295921400000003e-05
3490.0,4.241972000000001e-05
3500.0,0.00019775496400000004
3510.0,4.8218092000000024e-05
3520.0,3.814723000000001e-05
3530.0,6.195107400000005e-05
3540.0,4.4250788e-05
3550.0,0.00044616957000000076
3560.0,5.859411600000005e-05
3570.0,5.065951200000002e-05
3580.0,4.882844800000003e-05
3590.0,4.1199018000000026e-05
3600.0,6.408730200000007e-05
3610.0,3.540064000000002e-05
3620.0,3.8452406e-05
3630.0,7.01908500000001e-05
3640.0,4.577667200000002e-05
3650.0,0.0006326330100000004
3660.0,4.516631600000001e-05
3670.0,3.784205800000002e-05
3680.0,4.516631600000001e-05
3690.0,5.432164000000007e-05
3700.0,0.0006738316200000004
3710.0,3.021261200000001e-05
3720.0,3.8147244e-05
3730.0,4.913361200000003e-05
3740.0,3.417993200000001e-05
3750.0,0.0006961096700000007
3760.0,3.265404000000003e-05
3770.0,7.782027800000008e-05
3780.0,6.591837600000007e-05
3790.0,4.3335256000000005e-05
3800.0,0.000368959486
3810.0,3.5400644e-05
3820.0,3.112815000000002e-05
3830.0,4.5471494000000024e-05
3840.0,4.0283474e-05
3850.0,0.0016326975999999996
3860.0,3.0517780000000006e-05
3870.0,0.00010803281399999998
3880.0,7.96513480000001e-05
3890.0,4.028347400000001e-05
3900.0,0.0004434229199999996
3910.0,4.516632800000004e-05
3920.0,2.3803884e-05
3930.0,5.981483600000008e-05
3940.0,4.455595600000003e-05
3950.0,0.0005554234499999996
3960.0,2.8991906000000036e-05
3970.0,2.9907443999999998e-05
3980.0,5.0354318000000036e-05
3990.0,4.0283477999999995e-05
4000.0,0.00034912302000000004
4010.0,5.126986400000002e-05
4020.0,3.387474400000003e-05
4030.0,0.00010406553399999997
4040.0,8.239793200000009e-05
4050.0,0.0004565455299999996
4060.0,3.7231703999999996e-05
4070.0,5.2795750000000044e-05
4080.0,0.00024414201199999977
4090.0,6.195108200000004e-05
4100.0,0.0007537882400000011
4110.0,4.303007400000003e-05
4120.0,2.7771194e-05
4130.0,8.667042400000014e-05
4140.0,4.211454400000002e-05
4150.0,0.00034729189000000003
4160.0,4.974397800000005e-05
4170.0,3.234886000000001e-05
4180.0,5.5542348000000064e-05
4190.0,2.746600999999998e-05
4200.0,6.683389400000009e-05
4210.0,5.3406104000000035e-05
4220.0,3.234886000000001e-05
4230.0,4.180937400000001e-05
4240.0,4.577666600000002e-05
4250.0,4.974398200000002e-05
4260.0,4.119900600000001e-05
4270.0,3.8757588e-05
4280.0,9.002736400000005e-05
4290.0,3.5705814000000005e-05
4300.0,6.835978400000005e-05
4310.0,2.9907440000000004e-05
4320.0,2.9297086e-05
4330.0,4.669219600000001e-05
4340.0,2.8381552e-05
4350.0,0.002274488209999999
4360.0,6.927531600000008e-05
4370.0,3.265404000000001e-05
4380.0,0.00016449056799999997
4390.0,4.0283486e-05
4400.0,0.00011901921600000005
4410.0,9.3079154e-05
4420.0,3.387475800000002e-05
4430.0,3.4485108000000015e-05
4440.0,2.5329766000000003e-05
4450.0,7.568403800000003e-05
4460.0,0.00010101374400000004
4470.0,2.807637600000001e-05
4480.0,5.554234200000006e-05
4490.0,3.1128154e-05
4500.0,4.913362000000002e-05
4510.0,8.23979500000001e-05
4520.0,4.0588664000000015e-05
4530.0,2.9907439999999997e-05
4540.0,3.5705822000000034e-05
4550.0,5.218538600000004e-05
4560.0,0.00010620171799999996
4570.0,3.0212602000000015e-05
4580.0,2.1057281999999986e-05
4590.0,3.6621360000000026e-05
4600.0,0.00019043064200000004
4610.0,9.552056400000007e-05
4620.0,2.7466018000000004e-05
4630.0,2.6245308000000003e-05
4640.0,3.2348864e-05
4650.0,0.0010910117899999995
4660.0,9.552057400000002e-05
4670.0,2.5940130000000008e-05
4680.0,6.988568800000007e-05
4690.0,5.0964690000000016e-05
4700.0,9.1553212e-05
4710.0,7.324263200000002e-05
4720.0,2.1057282000000003e-05
4730.0,2.2888348000000004e-05
4740.0,2.6550484000000006e-05
4750.0,0.0012030109599999997
4760.0,7.476851600000007e-05
4770.0,2.5940130000000015e-05
4780.0,2.7160840000000002e-05
4790.0,4.364042000000001e-05
4800.0,0.0004910308399999996
4810.0,7.598919000000002e-05
4820.0,3.326438999999999e-05
4830.0,2.838155400000001e-05
4840.0,3.021262000000002e-05
4850.0,0.0008972231099999998
4860.0,4.699738600000001e-05
4870.0,2.8381550000000016e-05
4880.0,5.065951000000003e-05
4890.0,6.866497400000006e-05
4900.0,0.0005325348399999998
4910.0,4.974398200000005e-05
4920.0,2.5329774e-05
4930.0,8.087205800000006e-05
4940.0,0.00014831616000000005
4950.0,0.00049164113
4960.0,7.202191800000003e-05
4970.0,3.814723800000002e-05
4980.0,0.000167237202
4990.0,0.00028106844199999995
5000.0,0.0013009723999999998
5010.0,0.00032745533599999995
5020.0,3.875759000000001e-05
5030.0,0.0006204264500000001
5040.0,0.0010284498299999998
5050.0,0.0009512389499999995
5060.0,8.819629400000007e-05
5070.0,2.9907441999999982e-05
5080.0,0.00016723724600000003
5090.0,0.0002630630399999998
5100.0,0.0002944962980000001
5110.0,4.6081852000000026e-05
5120.0,4.852326400000004e-05
5130.0,9.216361400000002e-05
5140.0,0.00013061585400000005
5150.0,0.00036102495000000026
5160.0,3.3264387999999986e-05
5170.0,3.265404400000002e-05
5180.0,4.0283468e-05
5190.0,6.317179400000005e-05
5200.0,4.882844400000005e-05
5210.0,3.4179933999999994e-05
5220.0,3.082297400000001e-05
5230.0,2.8686726e-05
5240.0,2.6550479999999998e-05
5250.0,0.00016937338999999997
5260.0,3.9978294000000014e-05
5270.0,3.1128156e-05
5280.0,2.7771193999999996e-05
5290.0,3.5095456e-05
5300.0,0.000118713994
5310.0,3.8757601999999975e-05
5320.0,2.1972815999999988e-05
5330.0,2.3803883999999994e-05
5340.0,4.486114000000001e-05
5350.0,0.00014343329000000008
5360.0,3.631617200000003e-05
5370.0,3.0517798e-05
5380.0,2.6550486000000004e-05
5390.0,3.723170400000001e-05
5400.0,0.00013671956000000008
5410.0,2.7160840000000005e-05
5420.0,3.356956800000002e-05
5430.0,4.0588656e-05
5440.0,6.195107200000004e-05
5450.0,6.591838200000007e-05
5460.0,2.044692199999999e-05
5470.0,2.7160839999999995e-05
5480.0,2.0446925999999997e-05
5490.0,8.758595200000007e-05
5500.0,9.307917800000004e-05
5510.0,3.0517794000000005e-05
5520.0,3.662134600000001e-05
5530.0,4.9133626000000045e-05
5540.0,0.00012939517800000002
5550.0,3.4179930000000024e-05
5560.0,4.3945612000000015e-05
5570.0,4.058865800000003e-05
5580.0,2.960226200000001e-05
5590.0,4.4250776000000014e-05
5600.0,6.774944200000005e-05
5610.0,2.8991900000000006e-05
5620.0,3.1433326e-05
5630.0,3.6010986000000006e-05
5640.0,3.6010995999999994e-05
5650.0,3.4485105999999996e-05
5660.0,2.6550484e-05
5670.0,2.6245298000000006e-05
5680.0,3.0517794000000025e-05
5690.0,3.0822968000000005e-05
5700.0,3.4485104000000004e-05
5710.0,2.1057277999999985e-05
5720.0,2.6855660000000005e-05
5730.0,2.8686727999999998e-05
5740.0,0.00031646905999999986
5750.0,2.9297078e-05
5760.0,1.8615857999999997e-05
5770.0,2.7771197999999987e-05
5780.0,2.4719416e-05
5790.0,2.5634952000000003e-05
5800.0,0.00019409285799999992
5810.0,3.0822972e-05
5820.0,1.9836569999999994e-05
5830.0,2.4109056e-05
5840.0,3.7842052000000004e-05
5850.0,2.7466020000000013e-05
5860.0,0.00020416371999999977
5870.0,2.3803880000000006e-05
5880.0,2.8991906e-05
5890.0,0.00016784747200000017
5900.0,3.5400631999999995e-05
5910.0,2.166763799999999e-05
5920.0,2.868673000000001e-05
5930.0,2.5024596000000014e-05
5940.0,0.00012085020000000002
5950.0,4.0893846e-05
5960.0,2.594012599999999e-05
5970.0,0.0002783217139999997
5980.0,2.5940130000000025e-05
5990.0,0.00012512273999999994
6000.0,6.317178800000003e-05
6010.0,3.784205800000001e-05
6020.0,2.4719410000000007e-05
6030.0,2.380388200000001e-05
6040.0,4.3640428000000034e-05
6050.0,3.0212614000000008e-05
6060.0,0.00036194034000000075
6070.0,2.5634952000000013e-05
6080.0,1.8921035999999982e-05
6090.0,2.2888347999999994e-05
6100.0,2.3803881999999988e-05
6110.0,3.387474600000002e-05
6120.0,2.532976599999999e-05
6130.0,2.5329774000000012e-05
6140.0,2.3498704e-05
6150.0,0.000135803952
6160.0,2.4414240000000014e-05
6170.0,1.525889999999999e-05
6180.0,1.8921035999999992e-05
6190.0,2.4109060000000017e-05
6200.0,7.507369600000008e-05
6210.0,5.981483400000007e-05
6220.0,2.9297072000000018e-05
6230.0,2.1362460000000005e-05
6240.0,3.6621354e-05
6250.0,4.0893824000000004e-05
6260.0,6.378213200000009e-05
6270.0,1.9531391999999992e-05
6280.0,2.899190200000001e-05
6290.0,1.953139199999999e-05
6300.0,3.143333000000002e-05
6310.0,0.00010253965600000001
6320.0,3.021261000000003e-05
6330.0,3.356957399999999e-05
6340.0,3.0517792e-05
6350.0,3.7842062e-05
6360.0,6.774944200000008e-05
6370.0,2.0446925999999997e-05
6380.0,6.134071600000003e-05
6390.0,2.9297088000000022e-05
6400.0,4.2114549999999974e-05
6410.0,3.082297000000002e-05
6420.0,3.2654040000000006e-05
6430.0,2.2277994e-05
6440.0,2.0752101999999996e-05
6450.0,7.385296600000008e-05
6460.0,3.082297199999999e-05
6470.0,2.4719418000000015e-05
6480.0,1.708996799999999e-05
6490.0,2.4414239999999997e-05
6500.0,0.000218812244
6510.0,5.523716600000007e-05
6520.0,2.4414236000000006e-05
6530.0,2.594013000000002e-05
6540.0,3.0822970000000004e-05
6550.0,0.0005401642299999995
6560.0,2.1362459999999988e-05
6570.0,2.3193528000000004e-05
6580.0,2.2888348000000004e-05
6590.0,2.502459399999999e-05
6600.0,0.0001248175200000001
6610.0,3.1433330000000005e-05
6620.0,2.6550485999999998e-05
6630.0,2.075210199999999e-05
6640.0,2.258317200000001e-05
6650.0,0.0002893083239999998
6660.0,2.8381540000000012e-05
6670.0,2.3803884e-05
6680.0,2.1667637999999993e-05
6690.0,2.105728199999999e-05
6700.0,3.112815000000001e-05
6710.0,2.1362453999999985e-05
6720.0,3.4485114e-05
6730.0,2.4719413999999994e-05
6740.0,3.631617399999999e-05
6750.0,9.491021399999998e-05
6760.0,3.9062770000000006e-05
6770.0,2.0752097999999992e-05
6780.0,2.4109057999999994e-05
6790.0,2.5940128000000013e-05
6800.0,0.00011810359399999996
6810.0,2.2277994e-05
6820.0,4.7912920000000035e-05
6830.0,3.2348861999999994e-05
6840.0,2.5634948000000002e-05
6850.0,0.00015472491200000006
6860.0,5.706823600000006e-05
6870.0,2.746602000000001e-05
6880.0,4.364043400000002e-05
6890.0,3.1738507999999996e-05
6900.0,0.00050323779
6910.0,0.00014343328800000012
6920.0,4.0588644e-05
6930.0,1.7395145999999998e-05
6940.0,0.00015747146600000013
6950.0,0.00035797309600000014
6960.0,0.00013763498
6970.0,2.9602242000000014e-05
6980.0,3.204368600000001e-05
6990.0,8.270312800000004e-05
7000.0,0.0018582264900000001
7010.0,0.0004064964299999997
7020.0,5.676306600000006e-05
7030.0,2.7771196000000025e-05
7040.0,0.0001950083659999998
7050.0,0.0006146270900000004
7060.0,0.00010864319599999997
7070.0,2.5329773999999998e-05
7080.0,1.7089967999999996e-05
7090.0,6.103554600000004e-05
7100.0,0.00030609285000000023
7110.0,4.2114542000000033e-05
7120.0,2.2583168000000003e-05
7130.0,3.1433332000000024e-05
7140.0,5.3711290000000055e-05
7150.0,0.00015289387200000001
7160.0,3.479028600000001e-05
7170.0,3.601099399999999e-05
7180.0,2.8381550000000003e-05
7190.0,3.448509999999999e-05
7200.0,6.74442660000001e-05
7210.0,4.821809200000005e-05
7220.0,2.9907437999999995e-05
7230.0,2.6245308000000003e-05
7240.0,0.00011871397400000007
7250.0,3.1738504000000026e-05
7260.0,3.1433332000000004e-05
7270.0,3.662135800000001e-05
7280.0,3.9978298000000004e-05
7290.0,5.584751400000001e-05
7300.0,9.887751599999998e-05
7310.0,5.554235800000005e-05
7320.0,2.7466006000000004e-05
7330.0,2.7771189999999992e-05
7340.0,0.00011779849799999995
7350.0,6.591838600000003e-05
7360.0,0.00014099188999999997
7370.0,2.899191000000002e-05
7380.0,2.2583171999999998e-05
7390.0,2.7771193999999996e-05
7400.0,7.934616399999999e-05
7410.0,4.8523280000000036e-05
7420.0,2.7466010000000005e-05
7430.0,2.2583163999999985e-05
7440.0,3.204368000000001e-05
7450.0,3.2654038000000014e-05
7460.0,8.117723400000008e-05
7470.0,3.417992399999999e-05
7480.0,2.4109062000000005e-05
7490.0,2.7466018000000004e-05
7500.0,5.8899292000000046e-05
7510.0,0.00018005448800000019
7520.0,2.4414239999999997e-05
7530.0,1.8921029999999993e-05
7540.0,3.9978296e-05
7550.0,3.784206400000002e-05
7560.0,0.00014282300600000001
7570.0,2.227799400000001e-05
7580.0,2.8381551999999995e-05
7590.0,5.889929800000004e-05
7600.0,4.1199010000000024e-05
7610.0,6.622354600000006e-05
7620.0,2.6550485999999998e-05
7630.0,3.082297400000001e-05
7640.0,4.2724892000000006e-05
7650.0,4.0283476000000016e-05
7660.0,5.004916000000004e-05
7670.0,2.8991908e-05
7680.0,3.570581199999999e-05
7690.0,2.7160838000000003e-05
7700.0,4.303007400000002e-05
7710.0,4.699739000000001e-05
7720.0,2.3803884000000004e-05
7730.0,0.00010894832000000006
7740.0,2.5940126e-05
7750.0,3.265404200000002e-05
7760.0,4.5776662e-05
7770.0,2.9297080000000006e-05
7780.0,6.744425200000002e-05
7790.0,2.471941800000001e-05
7800.0,5.859412600000004e-05
7810.0,4.7607736000000014e-05
7820.0,2.685566400000001e-05
7830.0,3.1433324e-05
7840.0,2.7771191999999997e-05
7850.0,6.103554200000008e-05
7860.0,5.0354328e-05
7870.0,3.631616200000002e-05
7880.0,3.204367599999999e-05
7890.0,6.012001400000004e-05
7900.0,0.000166932012
7910.0,0.00010345512600000006
7920.0,2.9602263999999994e-05
7930.0,2.8381548000000004e-05
7940.0,7.2327088e-05
7950.0,0.0001422126660000001
7960.0,0.0007034347399999999
7970.0,4.9133620000000056e-05
7980.0,4.455595400000001e-05
7990.0,3.204368799999999e-05
8000.0,0.00029937905799999994
8010.0,0.0007373089300000002
8020.0,3.356956600000001e-05
8030.0,3.875758600000001e-05
8040.0,3.601099600000001e-05
8050.0,0.0010397399499999995
8060.0,0.0038897934000000018
8070.0,7.049603600000008e-05
8080.0,3.2043682000000024e-05
8090.0,3.631617200000003e-05
8100.0,0.00033539000200000024
8110.0,0.0006182893899999999
8120.0,3.204368600000001e-05
8130.0,4.882844000000003e-05
8140.0,2.3193526e-05
8150.0,8.819631400000007e-05
8160.0,0.00031646903999999994
8170.0,2.6855662000000004e-05
8180.0,0.00010986389799999996
8190.0,2.2888348000000004e-05
8200.0,9.8877524e-05
8210.0,0.00022735718799999992
8220.0,3.7231703999999975e-05
8230.0,6.622354200000009e-05
8240.0,2.2583172000000008e-05
8250.0,3.967313200000002e-05
8260.0,4.5776670000000017e-05
8270.0,3.448510199999999e-05
8280.0,3.3569578000000025e-05
8290.0,2.4719416e-05
8300.0,3.448511199999999e-05
8310.0,4.852327200000002e-05
8320.0,3.0212608e-05
8330.0,7.171673200000011e-05
8340.0,2.3193527999999997e-05
8350.0,9.399466400000004e-05
8360.0,0.00016632161199999998
8370.0,3.112815200000002e-05
8380.0,3.082296800000002e-05
8390.0,2.5329771999999996e-05
8400.0,8.331347200000002e-05
8410.0,9.063773599999998e-05
8420.0,2.746601200000001e-05
8430.0,2.8991910000000003e-05
8440.0,3.4485104000000004e-05
8450.0,2.502459400000001e-05
8460.0,4.3335250000000015e-05
8470.0,2.3193525999999992e-05
8480.0,2.4719414000000008e-05
8490.0,2.5634952000000017e-05
8500.0,2.1057281999999986e-05
8510.0,2.9602265999999986e-05
8520.0,2.4719418000000022e-05
8530.0,8.941702000000006e-05
8540.0,3.5095457999999995e-05
8550.0,3.1128149999999994e-05
8560.0,6.591837600000004e-05
8570.0,3.0517796e-05
8580.0,3.112815199999999e-05
8590.0,3.5705809999999993e-05
8600.0,2.8381550000000006e-05
8610.0,5.950965400000006e-05
8620.0,5.0659518000000035e-05
8630.0,2.8686732000000002e-05
8640.0,2.8991896e-05
8650.0,2.6245303999999995e-05
8660.0,4.791293600000003e-05
8670.0,4.882844600000002e-05
8680.0,1.7089965999999994e-05
8690.0,7.720993000000009e-05
8700.0,2.3193524000000007e-05
8710.0,2.838154600000001e-05
8720.0,2.5329771999999993e-05
8730.0,3.8757598000000004e-05
8740.0,3.2654044e-05
8750.0,3.6926522e-05
8760.0,3.7842052000000004e-05
8770.0,0.00041687253999999995
8780.0,2.410905799999999e-05
8790.0,2.655048399999999e-05
8800.0,6.988566400000011e-05
8810.0,3.6010991999999996e-05
8820.0,3.143332600000001e-05
8830.0,2.5634950000000004e-05
8840.0,2.1667637999999993e-05
8850.0,2.9907442000000013e-05
8860.0,0.00015228343800000006
8870.0,3.2043684000000016e-05
8880.0,2.5024595999999997e-05
8890.0,2.6245308000000023e-05
8900.0,3.1128154000000005e-05
8910.0,2.1972814e-05
8920.0,3.9978299999999996e-05
8930.0,2.2277990000000005e-05
8940.0,1.8921035999999992e-05
8950.0,2.655047800000002e-05
8960.0,0.0001806650260000001
8970.0,2.3803880000000003e-05
8980.0,2.1057281999999986e-05
8990.0,1.861585799999999e-05
9000.0,2.3498705999999992e-05
9010.0,2.5940130000000005e-05
9020.0,3.6926536000000005e-05
9030.0,2.3803881999999995e-05
9040.0,2.1667637999999986e-05
9050.0,4.3335250000000015e-05
9060.0,5.0049166000000036e-05
9070.0,2.410906e-05
9080.0,2.044692199999999e-05
9090.0,3.875759399999998e-05
9100.0,2.716083800000001e-05
9110.0,6.408731400000007e-05
9120.0,2.0752103999999988e-05
9130.0,2.380388000000001e-05
9140.0,6.103554200000007e-05
9150.0,6.530802200000011e-05
9160.0,4.4250780000000026e-05
9170.0,1.8921035999999992e-05
9180.0,2.2583171999999994e-05
9190.0,5.981483400000001e-05
9200.0,2.4719418000000012e-05
9210.0,2.2888345999999995e-05
9220.0,1.831067599999999e-05
9230.0,2.0446924e-05
9240.0,0.00033020189000000053
9250.0,3.3569579999999996e-05
9260.0,1.6784787999999996e-05
9270.0,2.7160841999999997e-05
9280.0,2.0752103999999995e-05
9290.0,1.5564077999999985e-05
9300.0,0.000148926592
9310.0,2.227799399999999e-05
9320.0,3.0212622000000016e-05
9330.0,2.0141747999999992e-05
9340.0,1.9531391999999995e-05
9350.0,1.8310679999999986e-05
9360.0,2.349869799999999e-05
9370.0,3.356958e-05
9380.0,1.4648543999999997e-05
9390.0,1.8921035999999996e-05
9400.0,1.9531391999999982e-05
9410.0,1.2207119999999998e-05
9420.0,3.387475600000002e-05
9430.0,1.4953721999999994e-05
9440.0,1.3122653999999996e-05
9450.0,0.00020355335400000003
9460.0,1.8615857999999994e-05
9470.0,1.7395145999999988e-05
9480.0,3.265403800000001e-05
9490.0,1.5258899999999997e-05
9500.0,1.892103599999999e-05
9510.0,5.126985799999998e-05
9520.0,1.9531389999999986e-05
9530.0,1.647961199999999e-05
9540.0,1.647961199999999e-05
9550.0,1.2512298000000002e-05
9560.0,5.737340600000006e-05
9570.0,1.7700323999999996e-05
9580.0,1.4953721999999997e-05
9590.0,1.1291585999999999e-05
9600.0,4.2419724e-05
9610.0,1.5869255999999994e-05
9620.0,1.4343365999999996e-05
9630.0,1.556407399999999e-05
9640.0,1.4038188000000001e-05
9650.0,2.9907444e-05
9660.0,2.2277993999999993e-05
9670.0,1.1596764000000007e-05
9680.0,1.708996799999999e-05
9690.0,2.0446926e-05
9700.0,1.739514599999999e-05
9710.0,1.8615857999999984e-05
9720.0,1.2512297999999998e-05
9730.0,1.4343365999999996e-05
9740.0,9.460516000000004e-06
9750.0,1.861585599999999e-05
9760.0,1.7395145999999995e-05
9770.0,5.645788000000001e-05
9780.0,0.0001507576200000001
9790.0,8.270310200000002e-05
9800.0,7.110638400000002e-05
9810.0,6.042517200000004e-05
9820.0,7.263226000000005e-05
9830.0,0.000117188096
9840.0,8.117722200000003e-05
9850.0,5.645787200000006e-05
9860.0,5.798375000000003e-05
9870.0,9.246876000000006e-05
9880.0,0.00011474669200000006
9890.0,8.697557600000008e-05
9900.0,9.6436054e-05
9910.0,8.087205200000004e-05
9920.0,0.000118103646
9930.0,0.00018371677999999995
9940.0,9.521535600000006e-05
9950.0,7.751509400000008e-05
9960.0,7.537886200000006e-05
9970.0,0.00011566224200000008
9980.0,0.00015380938799999997
9990.0,9.552054799999996e-05
10000.0,0.006347696800000008
